image,method,G_x,G_y,R_x,R_y,alignment_seconds
cathedral.jpg,single,2,5,3,12,0.311
cathedral.jpg,pyramid,2,5,3,12,0.139
church.tif,pyramid,4,25,-4,58,1.586
emir.tif,pyramid,24,49,-203,139,1.582
harvesters.tif,pyramid,17,60,13,124,1.59
icon.tif,pyramid,17,41,23,89,1.627
ilemselga.tif,pyramid,7,40,11,130,1.649
melons.tif,pyramid,10,81,13,178,1.632
monastery.jpg,single,2,-3,2,3,0.353
monastery.jpg,pyramid,2,-3,2,3,0.153
religous_painting.tif,pyramid,3,27,7,68,1.595
self_portrait.tif,pyramid,29,79,37,176,1.667
siren.tif,pyramid,-6,49,-25,96,1.697
three_generations.tif,pyramid,14,53,11,111,1.581
tobolsk.jpg,single,3,3,3,6,0.354
tobolsk.jpg,pyramid,3,3,3,6,0.161
wharf.tif,pyramid,-7,15,-16,82,1.667
saimaa.tif,pyramid,-23,48,-45,165,1.552
tiflis.tif,pyramid,29,41,46,92,1.688
borodino.tif,pyramid,4,34,1,96,1.591
